{"cameraMode":{"drawMode":0,"name":"Shaded","section":"Shading Mode"},"sceneLighting":true,"audioPlay":false,"sceneViewState":{"showFog":true,"showMaterialUpdate":true,"showSkybox":true,"showFlares":true,"showImageEffects":true,"showParticleSystems":true},"in2DMode":false,"pivot":{"x":0.6211950182914734,"y":3.3444204330444338,"z":3.095076084136963},"rotation":{"x":-0.01177152432501316,"y":0.9816704392433167,"z":-0.17894835770130158,"w":-0.06458887457847595},"size":5.504086971282959,"orthographic":false}