{"cameraMode":{"drawMode":0,"name":"Shaded","section":"Shading Mode"},"sceneLighting":true,"audioPlay":false,"sceneViewState":{"showFog":true,"showMaterialUpdate":true,"showSkybox":true,"showFlares":true,"showImageEffects":true,"showParticleSystems":true},"in2DMode":false,"pivot":{"x":-0.20843791961669923,"y":0.8702497482299805,"z":-0.3639974594116211},"rotation":{"x":-0.07763835787773133,"y":0.9055022597312927,"z":-0.18903771042823792,"w":-0.37189269065856936},"size":10.0,"orthographic":false}